City Id,City,Country,Latitude,Longitude,Temperature,Max Temperature,Humidity,Wind Speed,Cloudiness
1,bluff,NZ,-46.6,168.33,70.0,70.0,49,7.0,1
2,kapaa,US,22.08,-159.32,76.57,78.8,65,6.93,75
3,ostrovnoy,RU,68.05,39.51,11.7,11.7,95,8.99,56
4,kavaratti,IN,10.57,72.64,84.74,84.74,70,7.38,38
5,provideniya,RU,64.38,-173.3,15.37,15.37,94,13.49,100
6,bethel,US,41.37,-73.41,42.04,45.0,48,11.41,90
7,mataura,NZ,-46.19,168.86,70.0,70.0,49,7.0,0
8,zeya,RU,53.75,127.27,50.13,50.13,44,4.68,0
9,ushuaia,AR,-54.8,-68.3,41.0,41.0,81,5.82,20
10,bredasdorp,ZA,-34.53,20.04,62.6,62.6,82,8.05,100
11,magadan,RU,59.57,150.8,23.45,23.45,92,5.39,12
12,ribeira grande,PT,38.52,-28.7,61.54,61.54,73,4.7,97
13,rikitea,PF,-23.12,-134.97,77.65,77.65,74,9.86,14
14,darab,IR,28.75,54.54,69.64,69.64,28,4.99,84
15,pevek,RU,69.7,170.31,10.26,10.26,89,20.31,100
16,busselton,AU,-33.65,115.33,85.93,89.01,28,7.25,51
17,qaanaaq,GL,77.48,-69.36,4.24,4.24,74,7.7,43
18,labuhan,ID,-6.88,112.21,86.86,86.86,69,5.61,32
19,saldanha,ZA,-33.01,17.94,62.6,62.6,88,3.36,84
20,albany,US,42.6,-73.97,36.81,39.2,64,14.99,40
21,narsaq,GL,60.92,-46.05,46.4,46.4,22,26.4,100
22,antoniny,UA,49.81,26.88,37.65,37.65,65,4.76,83
23,sarangani,PH,5.4,125.46,82.74,82.74,69,19.17,27
24,bathsheba,BB,13.22,-59.52,78.8,78.8,78,11.41,40
25,okoneshnikovo,RU,54.84,75.08,41.54,41.54,86,7.78,64
26,panama city,PA,8.99,-79.52,80.29,81.0,67,1.99,80
27,paamiut,GL,61.99,-49.67,36.19,36.19,79,2.44,100
28,port hardy,CA,50.7,-127.42,48.2,48.2,70,8.05,40
29,constitucion,CL,-35.33,-72.42,54.81,54.81,89,8.86,100
30,kosh-agach,RU,50.0,88.67,31.71,31.71,41,1.9,0
31,vaini,TO,-21.2,-175.2,80.6,80.6,65,8.05,20
32,cockburn town,TC,21.46,-71.14,78.75,78.75,74,4.07,68
33,iqaluit,CA,63.75,-68.51,14.0,14.0,78,2.24,75
34,oroville,US,39.51,-121.56,59.61,71.6,43,10.29,1
35,port alfred,ZA,-33.59,26.89,64.45,64.45,87,6.2,13
36,bud,US,39.45,-86.18,41.77,45.0,56,4.7,1
37,paita,PE,-5.09,-81.11,76.5,76.5,67,11.27,75
38,fort morgan,US,40.25,-103.8,56.43,59.0,33,10.29,40
39,dikson,RU,73.51,80.55,10.15,10.15,95,11.01,91
40,kamyshevatskaya,RU,46.41,37.96,47.75,47.75,88,14.12,24
41,cayenne,GF,4.93,-52.33,80.6,80.6,88,2.24,95
42,butaritari,KI,3.07,172.79,84.7,84.7,73,8.63,60
43,punta arenas,CL,-53.15,-70.92,41.0,41.0,80,13.87,20
44,tuktoyaktuk,CA,69.45,-133.04,10.4,10.4,72,5.82,20
45,pershotravneve,UA,51.39,28.87,34.57,34.57,77,5.7,0
46,meulaboh,ID,4.14,96.13,84.97,84.97,68,2.93,80
47,inuvik,CA,68.35,-133.72,21.2,21.2,53,8.05,75
48,coihueco,CL,-36.62,-71.83,54.3,55.0,87,3.36,97
49,buala,SB,-8.14,159.59,84.04,84.04,75,8.41,49
50,tumut,AU,-35.3,148.22,57.0,57.0,57,17.72,94
51,cape town,ZA,-33.93,18.42,61.81,62.6,93,10.29,40
52,ambon,ID,-3.7,128.18,93.2,93.2,49,11.41,20
53,carnduff,CA,49.17,-101.8,39.99,39.99,74,13.0,100
54,hilo,US,19.73,-155.09,68.97,75.2,88,4.7,90
55,codrington,AU,-38.27,141.97,56.48,56.48,58,27.25,85
56,humaita,BR,-7.51,-63.02,75.29,75.29,92,1.9,61
57,tocopilla,CL,-22.09,-70.2,68.67,68.67,52,5.77,19
58,tuatapere,NZ,-46.13,167.68,70.0,70.0,49,7.0,2
59,yellowknife,CA,62.46,-114.35,16.5,17.6,72,10.29,75
60,ritchie,ZA,-29.04,24.6,71.6,71.6,94,12.75,1
61,hobart,AU,-42.88,147.33,53.44,55.99,58,17.22,75
62,nevelsk,RU,46.67,141.86,32.0,32.0,83,15.66,40
63,east london,ZA,-33.02,27.91,67.42,67.42,81,7.27,1
64,gravdal,NO,68.12,13.5,34.18,34.18,83,15.46,100
65,kerema,PG,-7.96,145.78,85.78,85.78,65,6.6,98
66,muravlenko,RU,63.79,74.52,35.13,35.13,96,19.48,100
67,leningradskiy,RU,69.38,178.42,15.46,15.46,89,7.76,92
68,toppenish,US,46.38,-120.31,67.5,73.99,37,11.41,1
69,camacha,PT,33.08,-16.33,63.12,64.4,82,12.75,40
70,new norfolk,AU,-42.78,147.06,52.75,55.99,58,17.22,75
71,bima,ID,-8.47,118.72,84.04,84.04,75,3.69,73
72,pochutla,MX,15.74,-96.47,81.0,81.0,80,6.62,14
73,cap-aux-meules,CA,47.38,-61.86,33.8,33.8,86,13.87,75
74,longyearbyen,SJ,78.22,15.64,-9.4,-9.4,83,3.36,20
75,nizhnyaya omka,RU,55.43,74.94,41.13,41.13,88,7.23,54
76,khatanga,RU,71.97,102.5,26.35,26.35,95,26.62,96
77,jalu,LY,29.03,21.55,54.72,54.72,66,9.1,0
78,hithadhoo,MV,-0.6,73.08,84.69,84.69,63,8.7,16
79,conway,US,35.09,-92.44,47.68,51.01,75,3.36,1
80,umm lajj,SA,25.02,37.27,68.95,68.95,46,12.1,34
81,hermanus,ZA,-34.42,19.23,62.01,62.01,90,5.01,99
82,barrow,US,71.29,-156.79,-0.4,-0.4,70,11.41,90
83,hasaki,JP,35.73,140.83,59.38,63.0,37,6.93,20
84,shumskiy,RU,54.83,99.13,37.9,37.9,64,4.92,96
85,tiksi,RU,71.69,128.87,25.56,25.56,93,33.26,89
86,belyy yar,RU,53.6,91.39,28.4,28.4,92,2.24,90
87,kuusamo,FI,65.97,29.18,8.6,8.6,92,1.12,28
88,vanavara,RU,60.34,102.28,35.65,35.65,73,9.53,98
89,northam,GB,51.03,-4.22,51.26,57.0,74,1.99,99
90,alofi,NU,-19.06,-169.92,82.4,82.4,65,5.82,9
91,carnarvon,AU,-24.87,113.63,82.4,82.4,69,8.05,32
92,toora-khem,RU,52.47,96.11,39.97,39.97,47,2.84,71
93,atuona,PF,-9.8,-139.03,82.45,82.45,75,11.34,84
94,daru,PG,-9.08,143.21,84.31,84.31,73,8.81,50
95,olafsvik,IS,64.89,-23.71,36.46,36.46,81,15.46,22
96,castro,BR,-24.79,-50.01,55.53,55.53,72,5.37,42
97,arraial do cabo,BR,-22.97,-42.03,69.8,69.8,94,1.12,75
98,nouadhibou,MR,20.93,-17.03,69.8,69.8,68,25.28,0
99,college,US,64.86,-147.8,34.14,39.2,74,9.17,90
100,elizabeth city,US,36.29,-76.25,48.31,53.6,42,6.93,1
101,roma,US,43.21,-75.46,35.98,39.2,80,11.41,90
102,husavik,IS,66.04,-17.34,28.4,28.4,92,9.17,40
103,puerto ayora,EC,-0.74,-90.35,80.01,80.01,86,1.52,87
104,half moon bay,US,37.46,-122.43,55.44,59.0,87,10.29,75
105,luderitz,NA,-26.65,15.16,55.4,55.4,82,2.24,0
106,cidreira,BR,-30.18,-50.21,62.73,62.73,82,4.36,7
107,warmbad,NA,-28.45,18.73,65.37,65.37,20,5.17,1
108,broome,US,42.25,-75.83,33.42,36.0,69,11.41,75
109,boddam,GB,57.47,-1.78,50.5,53.6,87,3.36,100
110,imeni poliny osipenko,RU,52.42,136.49,45.16,45.16,53,5.1,0
111,los llanos de aridane,ES,28.66,-17.92,68.0,68.0,82,8.05,75
112,hamilton,US,39.18,-84.53,38.32,42.01,68,5.12,1
113,port elizabeth,ZA,-33.92,25.57,55.4,55.4,100,2.24,7
114,sitka,US,57.05,-135.33,46.4,46.4,36,4.7,1
115,mehamn,NO,71.04,27.85,26.74,26.74,89,14.81,99
116,naze,JP,28.37,129.48,71.6,71.6,53,6.93,75
117,spirovo,RU,57.42,34.98,29.16,29.16,93,7.18,96
118,linjiang,CN,41.81,126.91,55.13,55.13,29,7.52,0
119,tasiilaq,GL,65.61,-37.64,24.8,24.8,53,2.24,99
120,ponta do sol,PT,32.67,-17.1,60.13,64.4,72,10.29,20
121,leh,IN,34.17,77.58,31.15,31.15,18,2.24,0
122,bubaque,GW,11.28,-15.83,77.9,77.9,80,10.36,10
123,avarua,CK,-21.21,-159.78,84.2,84.2,83,9.17,100
124,ilebo,CD,-4.32,20.58,70.65,70.65,86,2.06,97
125,grand gaube,MU,-20.01,57.66,77.63,78.01,83,6.93,40
126,jiaocheng,CN,24.68,116.14,66.51,66.51,77,2.68,97
127,chitral,PK,35.85,71.79,55.47,55.47,21,5.23,59
128,clarksville,US,36.53,-87.36,42.89,48.2,42,2.19,1
129,lavrentiya,RU,65.58,-171.0,15.85,15.85,95,8.75,98
130,nurobod,UZ,40.91,69.8,62.6,62.6,48,23.04,75
131,batagay-alyta,RU,67.8,130.41,28.9,28.9,79,15.59,74
132,dhule,IN,20.9,74.78,90.82,90.82,14,4.54,0
133,ha noi,VN,21.02,105.84,77.0,77.0,78,4.7,75
134,lazaro cardenas,MX,17.96,-102.2,74.05,74.05,82,1.63,0
135,kruisfontein,ZA,-34.0,24.73,56.91,56.91,52,5.3,25
136,channel-port aux basques,CA,47.57,-59.14,33.55,33.55,91,28.88,39
137,palu,ID,-0.89,119.87,88.81,88.81,57,4.47,25
138,umm kaddadah,SD,13.6,26.69,73.9,73.9,16,18.75,3
139,darnetal,FR,49.45,1.15,53.17,57.0,71,3.36,91
140,sawtell,AU,-30.38,153.1,75.92,77.0,53,9.17,82
141,mporokoso,ZM,-9.37,30.12,58.98,58.98,63,7.05,48
142,sakakah,SA,29.97,40.21,55.4,55.4,50,4.7,58
143,chokurdakh,RU,70.63,147.92,24.96,24.96,96,15.99,39
144,shellbrook,CA,53.22,-106.4,30.2,30.2,50,14.99,20
145,malanje,AO,-9.54,16.34,65.16,65.16,68,0.69,100
146,luau,AO,-10.71,22.22,64.67,64.67,70,5.12,99
147,souillac,MU,-20.52,57.52,77.47,78.01,83,6.93,40
148,saint-pierre,RE,-21.34,55.48,68.85,77.0,73,9.17,48
149,pogar,RU,52.55,33.26,34.7,34.7,80,7.31,65
150,severo-kurilsk,RU,50.68,156.12,31.59,31.59,94,4.94,52
151,moose factory,CA,51.26,-80.61,26.6,26.6,86,11.41,90
152,nogliki,RU,51.83,143.17,29.8,29.8,95,4.5,85
153,jingdezhen,CN,29.29,117.21,55.74,55.74,85,8.48,100
154,caconda,AO,-13.73,15.07,58.06,58.06,61,1.86,37
155,strunino,RU,56.38,38.57,31.37,31.37,89,2.66,40
156,phayakkhaphum phisai,TH,15.52,103.19,86.0,86.0,70,3.36,44
157,laguna,US,38.42,-121.42,61.21,66.2,63,11.41,1
158,pattani,TH,6.75,100.42,87.69,89.6,55,10.29,20
159,ancud,CL,-41.87,-73.82,42.8,42.8,100,1.12,39
160,alyangula,AU,-13.85,136.42,86.0,86.0,74,8.05,75
161,vao,NC,-22.67,167.48,74.26,74.26,73,9.98,99
162,yar-sale,RU,66.83,70.83,23.04,23.04,98,19.06,100
163,touros,BR,-5.2,-35.46,78.8,78.8,88,3.36,40
164,san miguel,SV,13.48,-88.18,81.14,81.14,72,2.08,0
165,bengkulu,ID,-3.8,102.27,85.03,85.03,63,2.08,100
166,rapid valley,US,44.06,-103.15,49.59,53.6,39,10.29,1
167,calama,CL,-22.47,-68.93,59.0,59.0,51,8.05,0
168,kahului,US,20.89,-156.47,76.46,80.6,51,16.11,40
169,virginia beach,US,36.85,-75.98,48.79,53.6,36,10.29,1
170,copiapo,CL,-27.37,-70.33,60.8,60.8,82,6.93,38
171,san quintin,MX,30.48,-115.95,58.82,58.82,73,7.7,99
172,cartersville,US,34.17,-84.8,44.73,51.8,65,4.5,1
173,nikolskoye,RU,59.7,30.79,30.34,32.0,96,11.18,75
174,manaus,BR,-3.1,-60.02,80.64,82.4,83,6.93,75
175,saskylakh,RU,71.92,114.08,30.72,30.72,94,20.65,86
176,stornoway,GB,58.21,-6.39,49.59,50.0,93,10.29,98
177,ixtapa,MX,20.7,-105.2,75.2,75.2,83,5.14,5
178,kudahuvadhoo,MV,2.67,72.89,84.06,84.06,67,3.24,44
179,sola,VU,-13.88,167.55,80.65,80.65,73,12.28,64
180,mendoza,AR,-32.89,-68.83,66.2,66.2,48,6.93,3
181,thompson,CA,55.74,-97.86,30.2,30.2,58,2.24,90
182,catalao,BR,-18.17,-47.95,62.24,62.24,73,3.31,16
183,storslett,NO,69.77,21.02,27.81,27.81,94,14.05,99
184,inhambane,MZ,-23.86,35.38,70.43,70.43,76,4.47,5
185,horodnya,UA,51.89,31.6,35.02,35.02,79,7.47,1
186,tazmalt,DZ,36.39,4.4,57.2,57.2,93,4.7,75
187,sao gabriel da cachoeira,BR,-0.13,-67.09,73.27,73.27,95,1.36,100
188,butare,RW,-2.6,29.74,58.28,58.28,59,1.39,95
189,esperance,AU,-33.87,121.9,71.6,71.6,60,9.17,27
190,vire,FR,48.92,-0.83,50.0,50.0,81,6.93,0
191,phan thiet,VN,10.93,108.1,86.83,86.83,55,9.6,97
192,brae,GB,60.4,-1.35,44.6,44.6,93,8.05,100
193,solnechnyy,RU,50.72,136.63,42.73,42.73,51,4.76,0
194,north bend,US,43.41,-124.22,49.89,54.0,93,17.22,90
195,magherani,RO,46.57,24.9,33.8,33.8,74,4.7,100
196,innisfail,AU,-17.53,146.03,82.99,82.99,56,1.99,100
197,gamba,GA,-2.65,10.0,79.9,79.9,86,7.47,94
198,jamestown,US,42.1,-79.24,33.03,39.2,80,6.93,90
199,cabo san lucas,MX,22.89,-109.91,67.62,71.01,60,10.29,75
200,berlevag,NO,70.86,29.09,27.68,27.68,89,19.46,100
201,aleksandrovsk-sakhalinskiy,RU,50.9,142.16,30.61,30.61,92,11.41,68
202,valparaiso,CL,-33.04,-71.63,54.79,55.4,87,2.24,40
203,talnakh,RU,69.49,88.4,15.8,15.8,78,20.13,78
204,lebu,CL,-37.62,-73.65,56.68,56.68,86,11.77,70
205,vardo,NO,70.37,31.11,29.03,29.03,90,20.94,100
206,biltine,TD,14.53,20.92,81.5,81.5,13,11.97,99
207,ruzhyn,UA,49.72,29.2,35.87,35.87,72,7.02,21
208,gigmoto,PH,13.78,124.39,81.72,81.72,74,8.28,61
209,kavieng,PG,-2.57,150.8,84.43,84.43,73,7.45,86
210,dinguiraye,GN,11.3,-10.72,76.62,76.62,54,4.45,31
211,udachnyy,RU,66.42,112.4,30.2,30.2,54,11.18,93
212,sao joao da barra,BR,-21.64,-41.05,71.67,71.67,82,2.08,100
213,aklavik,CA,68.22,-135.01,21.2,21.2,53,8.05,75
214,port hedland,AU,-20.32,118.57,95.0,95.0,23,8.05,0
215,anadyr,RU,64.75,177.48,5.0,5.0,77,15.66,32
216,smithers,CA,54.78,-127.17,46.4,46.4,24,13.87,20
217,puerto del rosario,ES,28.5,-13.86,66.2,66.2,72,12.75,20
218,klaksvik,FO,62.23,-6.59,46.4,46.4,100,10.29,100
219,nurota,UZ,40.56,65.69,51.8,51.8,81,4.7,100
220,vila velha,BR,-20.33,-40.29,72.64,73.4,94,3.36,90
221,catarama,EC,-1.58,-79.47,77.07,77.07,88,3.42,99
222,portland,US,45.52,-122.68,60.42,66.2,52,12.75,20
223,mount isa,AU,-20.73,139.5,87.8,87.8,16,14.99,57
224,flin flon,CA,54.77,-101.86,23.43,23.43,94,10.09,95
225,phuket,TH,8.0,98.25,87.8,87.8,58,11.41,20
226,amberley,US,39.2,-84.43,38.23,42.01,68,5.03,1
227,tevaitoa,PF,-16.78,-151.5,84.45,84.45,68,4.9,98
228,chumikan,RU,54.72,135.31,47.08,47.08,55,8.75,0
229,aykhal,RU,66.0,111.5,30.2,30.2,54,11.18,100
230,mugla,TR,37.23,28.36,45.75,55.4,93,1.12,0
231,ust-kan,RU,50.93,84.76,31.95,31.95,53,2.39,0
232,tomatlan,MX,19.93,-105.25,76.37,76.37,52,10.4,28
233,baft,IR,29.23,56.61,56.7,56.7,24,9.04,41
234,alta floresta,BR,-9.88,-56.09,72.39,72.39,86,1.52,95
235,nanortalik,GL,60.14,-45.24,32.27,32.27,90,4.52,100
236,sao filipe,CV,14.9,-24.5,75.15,75.15,73,8.25,76
237,port macquarie,AU,-31.43,152.92,75.31,75.99,36,14.99,92
238,coihaique,CL,-45.58,-72.07,44.6,44.6,87,5.82,90
239,wasilla,US,61.58,-149.44,39.09,42.8,27,1.19,1
240,oranjemund,NA,-28.55,16.43,54.82,54.82,81,3.85,0
241,storm lake,US,42.64,-95.21,40.73,42.8,44,10.29,1
242,mar del plata,AR,-38.0,-57.56,55.4,55.4,82,6.93,0
243,fort nelson,CA,58.81,-122.7,32.0,32.0,89,9.17,20
244,the valley,AI,18.22,-63.06,80.53,81.0,78,4.7,20
245,orlik,RU,52.52,99.83,37.11,37.11,41,1.66,100
246,pisco,PE,-13.7,-76.22,71.78,72.0,83,8.05,0
247,bocaiuva,BR,-17.11,-43.81,68.5,68.5,74,5.46,49
248,pandan,PH,14.05,124.17,81.3,81.3,78,10.42,57
249,tubigan,PH,8.53,124.31,84.24,84.24,63,10.83,15
250,kaitangata,NZ,-46.28,169.85,63.21,63.21,52,5.35,0
251,cam ranh,VN,11.92,109.16,87.8,87.8,70,5.82,20
252,penzance,GB,50.12,-5.54,51.48,53.6,87,16.11,84
253,wenling,CN,28.37,121.36,63.0,63.0,94,1.79,100
254,port blair,IN,11.67,92.75,83.39,83.39,66,7.85,29
255,tagusao,PH,9.19,117.81,85.66,85.66,65,5.66,31
256,saint-philippe,RE,-21.36,55.77,68.34,77.0,73,9.17,39
257,kirakira,SB,-10.45,161.92,85.8,85.8,63,7.78,99
258,honiara,SB,-9.43,159.95,87.8,87.8,74,6.93,40
259,hofn,IS,64.25,-15.21,42.57,42.57,88,10.65,100
260,colgong,IN,25.27,87.22,89.73,89.73,21,1.9,0
261,korla,CN,41.76,86.15,62.17,62.17,19,5.91,66
262,coquimbo,CL,-29.95,-71.34,61.97,61.97,82,5.7,77
263,kitui,KE,-1.37,38.01,63.03,63.03,72,2.82,10
264,pokhara,NP,28.23,83.98,75.92,75.92,13,0.49,0
265,namtsy,RU,62.72,129.67,39.2,39.2,44,17.9,0
266,fortuna,US,40.6,-124.16,51.89,57.0,93,10.29,90
267,yumen,CN,40.28,97.2,54.0,54.0,17,24.7,0
268,shimoda,JP,34.67,138.95,53.96,57.2,44,13.87,20
269,san policarpo,PH,12.18,125.51,82.85,82.85,68,7.54,34
270,macanal,CO,4.97,-73.32,59.72,59.72,56,3.04,81
271,krivosheino,RU,57.34,83.93,34.99,34.99,83,8.03,82
272,upernavik,GL,72.79,-56.15,10.89,10.89,85,9.78,0
273,mount gambier,AU,-37.83,140.77,57.2,57.2,54,26.4,75
274,bambous virieux,MU,-20.34,57.76,77.47,78.01,83,6.93,40
275,thunder bay,CA,48.4,-89.32,31.42,32.0,86,2.24,75
276,sulangan,PH,11.14,123.72,82.72,82.72,65,5.68,50
277,san patricio,MX,19.22,-104.7,77.81,77.81,60,12.84,0
278,begles,FR,44.81,-0.55,49.19,50.0,93,2.24,69
279,ferrol,ES,43.48,-8.24,54.41,57.0,100,5.66,75
280,maridi,SS,4.92,29.47,69.82,69.82,76,3.29,100
281,tecoanapa,MX,16.52,-98.75,78.26,78.26,81,2.68,4
282,mogadishu,SO,2.04,45.34,83.37,83.37,71,7.56,0
283,acapulco,MX,16.86,-99.89,78.8,78.8,94,8.05,40
284,kentau,KZ,43.52,68.51,55.53,55.53,34,6.38,26
285,hualmay,PE,-11.1,-77.61,72.32,72.32,79,7.67,3
286,florence,IT,43.77,11.25,48.02,52.0,51,1.12,0
287,okha,RU,53.57,142.95,32.31,32.31,92,7.34,0
288,mnogovershinnyy,RU,53.94,139.92,34.12,34.12,75,6.22,0
289,adrar,MR,20.5,-10.07,77.05,77.05,17,11.45,0
290,uvat,RU,59.14,68.9,38.88,38.88,96,7.94,94
291,dingle,PH,11.0,122.67,86.9,86.9,56,12.3,50
292,mahebourg,MU,-20.41,57.7,77.4,78.01,83,6.93,40
293,kodiak,US,57.79,-152.41,39.2,39.2,69,9.17,1
294,victoria,HK,22.29,114.16,73.09,75.2,83,5.82,40
295,srednekolymsk,RU,67.45,153.68,29.7,29.7,98,6.96,100
296,plesna,CZ,50.22,12.35,36.59,39.99,100,2.24,52
297,comodoro rivadavia,AR,-45.87,-67.5,59.0,59.0,87,5.82,75
298,ihosy,MG,-22.4,46.12,63.5,63.5,71,9.01,47
299,lundazi,ZM,-12.29,33.18,62.51,62.51,66,6.71,47
300,deer lake,CA,49.17,-57.43,26.31,26.6,100,4.7,75
301,rio gallegos,AR,-51.62,-69.22,44.6,44.6,70,6.93,91
302,kamina,CD,-8.74,24.99,64.08,64.08,71,4.5,92
303,neiafu,TO,-18.65,-173.98,77.94,77.94,64,8.32,47
304,omsukchan,RU,62.53,155.8,16.25,16.25,87,8.95,90
305,otradnoye,RU,59.78,30.82,30.29,32.0,96,11.18,75
306,pocone,BR,-16.26,-56.62,72.55,72.55,77,2.01,53
307,ranong,TH,9.97,98.63,87.8,87.8,66,3.36,20
308,plettenberg bay,ZA,-34.05,23.37,63.43,63.43,48,3.67,39
309,maneadero,MX,31.72,-116.57,53.94,55.0,91,4.0,99
310,kareli,IN,22.92,79.07,90.72,90.72,12,6.91,0
311,aasiaat,GL,68.71,-52.87,24.87,24.87,92,13.56,92
312,wattegama,LK,6.8,81.48,84.13,84.13,62,4.97,1
313,tarsus,TR,36.92,34.88,50.05,51.8,93,4.7,0
314,laiwu,CN,36.19,117.66,57.76,57.76,32,11.81,0
315,karpogory,RU,64.0,44.45,20.68,20.68,97,2.46,96
316,sur,OM,22.57,59.53,84.31,84.31,41,7.36,81
317,mason city,US,43.15,-93.2,43.68,45.0,45,4.7,90
318,gat,IL,31.61,34.76,53.73,57.2,87,8.05,75
319,srandakan,ID,-7.94,110.25,85.23,85.23,68,2.98,13
320,chimbote,PE,-9.09,-78.58,73.58,73.58,78,5.97,26
321,puro,PH,12.48,123.38,84.65,84.65,63,4.23,54
322,khovu-aksy,RU,51.13,93.6,35.06,35.06,49,3.78,7
323,batagay,RU,67.63,134.63,33.55,33.55,81,9.95,0
324,norman wells,CA,65.28,-126.83,30.2,30.2,36,4.36,75
325,tautira,PF,-17.73,-149.15,86.0,86.0,66,4.7,100
326,tilichiki,RU,60.47,166.1,16.29,16.29,92,4.76,0
327,lorengau,PG,-2.02,147.27,83.93,83.93,73,3.85,65
328,saint-augustin,CA,51.23,-58.65,28.04,28.04,98,8.66,100
329,farmington,US,36.73,-108.22,53.06,59.0,14,5.82,1
330,oksfjord,NO,70.24,22.35,25.36,26.6,92,9.17,94
331,shar,KZ,49.59,81.05,40.93,40.93,57,3.47,0
332,lovington,US,32.94,-103.35,59.27,62.01,72,10.29,1
333,riberalta,BO,-10.98,-66.1,73.36,73.36,74,2.3,100
334,komsomolskiy,UZ,40.43,71.72,51.8,51.8,50,3.18,100
335,guerrero negro,MX,27.98,-114.06,60.44,60.44,64,15.86,1
336,areosa,PT,41.72,-8.86,54.82,57.99,100,3.36,75
337,iberia,US,29.95,-91.75,62.29,64.4,72,6.93,1
338,hovd,MN,48.01,91.64,46.11,46.11,29,4.88,92
339,viedma,AR,-40.81,-63.0,65.89,65.89,41,19.95,0
340,poronaysk,RU,49.22,143.12,32.07,32.07,90,7.74,42
341,christchurch,NZ,-43.53,172.63,61.21,62.6,72,16.11,0
342,belmonte,BR,-15.86,-38.88,75.2,75.2,94,6.93,75
343,nuevitas,CU,21.55,-77.26,75.69,75.69,68,2.26,33
344,buin,CL,-33.73,-70.75,59.0,59.0,77,6.93,57
345,salalah,OM,17.02,54.09,80.6,80.6,78,3.36,40
346,katsuura,JP,35.13,140.3,58.73,62.01,44,9.17,20
347,linden,GY,6.0,-58.3,77.0,77.0,88,4.7,42
348,choa saidan shah,PK,32.72,72.98,71.62,71.62,39,4.88,36
349,chuy,UY,-33.7,-53.46,61.29,61.29,83,4.23,0
350,bonthe,SL,7.53,-12.51,80.78,80.78,86,4.03,71
351,waipawa,NZ,-41.41,175.52,61.92,64.4,63,24.16,0
352,parkes,AU,-33.13,148.18,70.0,70.0,54,3.0,11
353,loandjili,CG,-4.76,11.86,78.35,78.35,89,5.3,82
354,shirokiy,RU,49.76,129.52,50.07,50.07,45,7.16,26
355,banda aceh,ID,5.56,95.32,85.55,85.55,69,7.94,28
356,nelson bay,AU,-32.72,152.15,77.95,78.8,34,21.92,20
357,lingao,CN,19.91,109.69,79.25,79.25,76,1.57,20
358,kuryk,KZ,43.2,51.65,48.25,48.25,62,1.57,41
359,fujinomiya,JP,35.22,138.62,52.07,55.4,50,10.29,75
360,te anau,NZ,-45.42,167.72,60.12,60.12,54,8.25,8
361,pointe michel,DM,15.25,-61.38,78.31,78.31,78,11.83,1
362,soyo,AO,-6.13,12.37,78.35,78.35,88,6.31,89
363,tolaga bay,NZ,-38.37,178.3,63.0,63.0,66,5.01,89
364,fairbanks,US,64.84,-147.72,33.73,37.0,80,13.87,90
365,taoudenni,ML,22.68,-3.98,80.58,80.58,14,6.33,0
366,narok,KE,-1.08,35.86,56.84,56.84,52,4.63,40
367,bowen,AU,-20.02,148.23,86.0,86.0,51,5.82,66
368,caravelas,BR,-17.71,-39.25,76.96,76.96,87,10.98,40
369,tonantins,BR,-2.87,-67.8,73.58,73.58,94,1.77,63
370,ponta delgada,PT,37.73,-25.67,57.2,57.2,76,10.29,20
371,kirovskiy,RU,45.09,133.51,45.88,45.88,52,7.0,84
372,lagoa,PT,39.05,-27.98,61.12,61.12,72,6.6,93
373,mahalapye,BW,-23.1,26.81,59.58,59.58,60,4.36,97
374,lasa,IT,46.62,10.7,42.44,48.99,41,2.24,5
375,oil city,US,41.43,-79.71,33.69,36.0,59,8.05,1
376,qitaihe,CN,45.8,130.85,47.41,47.41,41,12.75,45
377,nakanojo,JP,36.58,138.85,53.91,55.99,30,7.0,15
378,aguimes,ES,27.91,-15.45,67.12,68.0,72,18.34,40
379,liverpool,GB,53.41,-2.98,53.55,57.2,87,5.82,100
380,alexandria,EG,31.22,29.96,57.61,59.0,72,9.17,40
381,clonakilty,IE,51.62,-8.87,52.27,53.6,87,8.05,40
382,praia da vitoria,PT,38.73,-27.07,55.4,55.4,100,9.62,36
383,vakhrushev,RU,48.98,142.97,31.23,31.23,90,9.37,29
384,quchan,IR,37.11,58.51,52.21,52.21,55,8.61,100
385,chapais,CA,49.78,-74.85,32.0,32.0,95,12.75,90
386,aleksandrov gay,RU,50.15,48.57,40.14,40.14,64,8.59,51
387,gongzhuling,CN,43.5,124.82,57.49,57.49,29,12.71,25
388,hailakandi,IN,24.68,92.57,92.34,92.34,19,1.88,0
389,kisangani,CD,0.52,25.2,71.62,71.62,80,0.76,85
390,hami,CN,42.8,93.45,64.08,64.08,15,3.2,44
391,murgab,TM,37.5,61.97,51.8,51.8,87,5.17,75
392,yokadouma,CM,3.52,15.05,70.66,70.66,81,1.7,100
393,bitung,ID,1.45,125.18,89.6,89.6,55,5.82,40
394,airai,TL,-8.93,125.41,67.87,67.87,65,1.12,58
395,wajima,JP,37.4,136.9,48.2,48.2,55,6.93,75
396,pyinmana,MM,19.73,96.22,95.45,95.45,25,3.65,81
397,clyde river,CA,70.47,-68.59,3.2,3.2,91,19.46,75
398,whitehorse,CA,60.72,-135.05,32.23,33.01,78,9.17,5
399,kolvereid,NO,64.87,11.6,32.85,32.85,86,2.48,98
400,clemencia,CO,10.57,-75.33,80.6,80.6,88,10.29,20
401,ulety,RU,51.36,112.48,56.01,56.01,25,3.69,0
402,canasgordas,CO,6.75,-76.03,69.22,69.22,54,1.88,100
403,peniche,PT,39.36,-9.38,56.34,57.2,87,3.36,75
404,coari,BR,-4.08,-63.14,75.07,75.07,90,1.41,74
405,koindu,GN,8.44,-10.33,71.87,71.87,87,2.04,63
406,sisimiut,GL,66.94,-53.67,30.42,30.42,86,8.1,100
407,bien hoa,VN,10.95,106.82,87.8,87.8,66,8.05,40
408,birao,CF,10.28,22.79,79.18,79.18,24,3.13,75
409,berbera,SO,10.44,45.01,82.06,82.06,76,2.3,5
410,gacko,BA,43.17,18.54,40.55,40.55,55,4.32,9
411,cherskiy,RU,68.75,161.3,15.91,15.91,95,18.45,100
412,prachuap khiri khan,TH,11.82,99.78,89.55,89.55,55,5.14,73
413,san carlos de bariloche,AR,-41.15,-71.31,51.8,51.8,76,16.11,40
414,lat yao,TH,15.75,99.79,96.13,96.13,36,5.77,22
415,vila franca do campo,PT,37.72,-25.43,57.2,57.2,76,10.29,20
416,saint george,US,37.1,-113.58,54.75,59.0,41,16.11,1
417,ravar,IR,31.27,56.81,66.76,66.76,33,4.38,85
418,kristianstad,SE,56.03,14.15,33.12,35.01,81,5.82,0
419,santa cruz,BO,-17.8,-63.17,64.4,64.4,72,6.93,20
420,port lincoln,AU,-34.73,135.87,62.37,62.37,63,15.9,70
421,hobyo,SO,5.35,48.53,82.44,82.44,66,7.78,51
422,minsk,BY,53.9,27.57,32.0,32.0,80,8.95,45
423,shingu,JP,33.73,135.98,55.4,55.4,47,10.29,75
424,sorland,NO,67.67,12.69,33.89,33.89,82,12.82,100
425,karratha,AU,-20.74,116.85,90.0,90.0,33,3.91,2
426,zhigansk,RU,66.77,123.37,30.4,30.4,95,15.93,33
427,havoysund,NO,71.0,24.66,26.6,26.6,79,8.05,100
428,lucea,JM,18.45,-78.17,80.56,82.4,74,2.24,20
429,vestmannaeyjar,IS,63.44,-20.27,43.36,43.36,90,6.26,100
430,isangel,VU,-19.55,169.27,78.39,78.39,59,9.26,64
431,santa isabel do rio negro,BR,-0.41,-65.02,74.01,74.01,97,0.85,65
432,ornskoldsvik,SE,63.29,18.72,29.97,32.0,68,8.05,0
433,bull savanna,JM,17.89,-77.59,74.41,74.41,80,2.86,94
434,kefamenanu,ID,-9.45,124.48,81.93,81.93,62,2.86,15
435,gao,ML,16.64,1.64,83.44,83.44,23,11.07,98
436,callaway,US,30.15,-85.57,61.83,64.4,42,6.93,1
437,methana,GR,37.58,23.39,53.92,57.99,53,11.01,0
438,bondoukou,CI,8.03,-2.8,72.66,72.66,72,2.51,93
439,nantucket,US,41.28,-70.1,40.89,42.8,75,16.11,40
440,gushikawa,JP,26.35,127.87,73.26,73.4,60,16.11,40
441,kalmunai,LK,7.42,81.82,85.28,85.28,63,7.7,13
442,polewali,ID,-3.43,119.34,87.06,87.06,65,3.89,68
443,egvekinot,RU,66.32,-179.17,13.62,13.62,87,2.66,12
444,kununurra,AU,-15.77,128.73,77.0,77.0,73,9.17,40
445,maragogi,BR,-9.01,-35.22,79.75,79.75,83,6.73,13
446,hay river,CA,60.82,-115.8,23.0,23.0,67,12.75,75
447,tezu,IN,27.92,96.17,88.11,88.11,18,3.11,0
448,newry,GB,54.18,-6.34,54.03,55.4,93,6.93,97
449,padang,ID,-0.95,100.35,88.34,88.34,58,0.63,69
450,maralal,KE,1.1,36.7,58.35,58.35,53,4.12,8
451,villarrica,PY,-25.75,-56.43,56.77,56.77,73,4.16,0
452,punganuru,IN,13.37,78.58,79.32,79.32,40,6.17,3
453,yulara,AU,-25.24,130.99,82.4,82.4,18,4.7,9
454,mumford,GH,5.26,-0.76,80.04,80.04,84,7.43,83
455,matadi,CD,-5.82,13.45,75.97,75.97,90,1.48,96
456,tibiri,NE,13.56,7.05,85.62,85.62,14,6.58,100
457,tucuma,BR,-0.18,-50.05,74.39,74.39,94,2.24,100
458,dinan,FR,48.42,-2.25,52.38,59.0,58,3.36,0
459,riohacha,CO,11.54,-72.91,79.38,79.38,85,12.19,78
460,shache,CN,38.42,77.24,63.54,63.54,15,8.43,100
461,pericos,MX,25.05,-107.7,68.36,71.01,69,3.83,79
462,sawakin,SD,19.11,37.33,73.02,73.02,69,11.99,61
463,ahuimanu,US,21.44,-157.84,78.8,82.4,51,9.17,75
464,turukhansk,RU,65.82,87.98,30.92,30.92,98,14.85,100
465,lamu,KE,-2.27,40.9,80.92,80.92,83,11.83,80
466,kendari,ID,-3.94,122.5,83.98,83.98,79,3.15,87
467,chernyshevskiy,RU,63.01,112.47,33.37,33.37,77,9.28,100
468,supe,PE,-10.8,-77.73,74.57,74.57,74,8.41,12
469,chirongui,YT,-12.93,45.15,82.4,82.4,78,13.87,20
470,abonnema,NG,4.71,6.79,79.12,79.12,86,2.35,65
471,hailar,CN,49.2,119.7,55.65,55.65,25,11.16,0
472,saurimo,AO,-9.66,20.39,65.35,65.35,72,4.23,93
473,manado,ID,1.49,124.85,89.6,89.6,55,5.82,40
474,biak,ID,-0.91,122.88,86.0,86.0,60,4.63,4
475,ugoofaaru,MV,5.67,73.0,84.15,84.15,71,6.87,16
476,buraydah,SA,26.33,43.98,64.4,64.4,42,9.17,24
477,esil,KZ,51.96,66.4,42.4,42.4,64,6.04,98
478,msowero,TZ,-6.53,37.2,71.6,71.6,100,2.98,40
479,beboto,TD,8.27,16.94,79.84,79.84,60,3.65,100
480,jinhua,CN,29.11,119.65,57.27,57.27,88,3.06,100
481,altoona,US,40.52,-78.39,34.41,37.4,51,11.41,75
482,dunedin,NZ,-45.87,170.5,57.0,57.0,77,15.01,0
483,neopolis,BR,-10.32,-36.58,77.45,77.45,83,5.5,30
484,merauke,ID,-8.47,140.33,90.55,90.55,59,2.44,84
485,orebro,SE,59.27,15.21,29.75,30.2,68,5.82,0
486,wukari,NG,7.85,9.78,81.36,81.36,70,3.42,100
487,woodstock,CA,43.13,-80.75,32.59,33.8,64,5.82,40
488,ruthin,GB,53.11,-3.32,52.05,55.99,87,5.82,100
489,takoradi,GH,4.88,-1.76,79.97,79.97,84,5.93,82
490,charcas,MX,23.13,-101.12,70.81,70.81,23,5.66,81
491,mezhdurechenskiy,RU,59.6,65.93,37.98,37.98,88,9.86,61
492,lagos,NG,6.58,3.75,80.6,80.6,88,4.29,20
493,asau,RO,46.43,26.4,37.24,37.4,59,2.24,98
494,swan hill,AU,-35.34,143.55,65.88,65.88,30,21.9,10
495,hanna,CA,51.63,-111.9,30.04,30.99,81,1.99,100
496,evensk,RU,61.95,159.23,15.17,15.17,90,4.21,3
497,sao cristovao,BR,-11.01,-37.21,78.94,78.94,82,8.16,2
498,madan,BG,41.5,24.95,52.41,53.01,48,1.12,5
499,nongpoh,IN,25.9,91.88,75.2,75.2,73,9.17,40
500,vilhena,BR,-12.74,-60.15,68.95,68.95,79,2.33,26
501,amapa,BR,1.0,-52.0,72.39,72.39,90,0.65,100
502,nizhniy odes,RU,63.64,54.86,22.64,22.64,95,7.67,100
503,olinda,BR,-8.01,-34.86,84.2,84.2,79,4.7,40
504,yenagoa,NG,4.92,6.26,77.99,77.99,90,0.83,31
505,georgetown,MY,5.41,100.34,86.63,87.8,74,6.93,20
506,kogon,UZ,39.72,64.55,53.37,53.6,81,9.17,100
507,mecca,SA,21.43,39.83,69.04,69.04,28,7.29,81
508,sanchor,IN,24.76,71.77,89.82,89.82,20,6.35,0
509,peleduy,RU,59.63,112.74,45.12,45.12,69,1.16,99
510,mafinga,TZ,-7.25,35.07,61.7,61.7,70,2.66,1
511,ilulissat,GL,69.22,-51.1,30.2,30.2,46,10.29,61
512,poum,NC,-20.23,164.02,78.24,78.24,66,7.09,99
513,plouzane,FR,48.38,-4.62,51.44,53.6,76,6.08,0
514,saint-joseph,RE,-21.37,55.62,68.4,77.0,73,9.17,42
515,taybad,IR,34.74,60.78,60.98,60.98,60,13.31,100
516,whyalla,AU,-33.03,137.58,66.2,66.2,59,18.34,90
517,havre-saint-pierre,CA,50.23,-63.6,30.2,30.2,86,18.34,90
518,moron,AR,-34.65,-58.62,61.32,64.4,87,5.82,0
519,kotri,PK,25.37,68.31,88.34,88.34,26,5.21,0
520,loyga,RU,61.08,44.61,23.14,23.14,96,4.18,34
521,bereznehuvate,UA,47.31,32.85,41.49,41.49,67,11.01,0
522,magadi,IN,12.97,77.23,78.1,84.0,88,9.17,40
523,sao jose da coroa grande,BR,-8.9,-35.15,80.69,80.69,82,7.61,13
524,nuuk,GL,64.18,-51.72,30.09,30.2,80,3.36,100
525,urucui,BR,-7.23,-44.56,76.89,76.89,79,1.77,78
526,taltal,CL,-25.4,-70.48,61.7,61.7,78,3.06,22
527,sadat,IN,25.68,83.28,89.64,89.64,12,2.8,0
528,cuamba,MZ,-14.8,36.54,63.0,63.0,80,3.69,22
529,buta,CD,2.79,24.73,70.47,70.47,86,0.92,94
530,bonaventure,CA,48.05,-65.49,31.53,32.0,94,8.05,90
531,tanout,NE,14.97,8.89,80.65,80.65,13,9.71,100
532,akoupe,CI,6.39,-3.9,69.85,69.85,88,1.57,42
533,gewane,ET,10.17,40.65,80.33,80.33,52,7.09,53
534,mayumba,GA,-3.43,10.66,79.54,79.54,84,3.69,99
535,cairns,AU,-16.92,145.77,85.48,88.0,62,8.05,40
536,petropavlovsk-kamchatskiy,RU,53.05,158.65,37.4,37.4,59,11.18,40
537,alice springs,AU,-23.7,133.88,82.4,82.4,13,9.17,16
538,bairiki,KI,1.33,172.98,87.8,87.8,74,13.87,75
539,bosaso,SO,11.28,49.18,81.25,81.25,68,13.02,3
540,nikolayevsk-na-amure,RU,53.14,140.73,37.29,37.29,74,3.69,0
541,marawi,PH,8.0,124.29,82.85,82.85,43,5.73,14
542,miracema do tocantins,BR,-9.56,-48.4,75.16,75.16,84,1.21,57
543,marsh harbour,BS,26.54,-77.06,72.48,72.48,82,14.58,70
544,dawlatabad,AF,36.41,64.91,63.0,63.0,50,2.64,100
545,canala,NC,-21.53,165.95,86.0,86.0,48,9.17,20
546,maues,BR,-3.38,-57.72,75.38,75.38,93,1.57,47
547,catalina,US,32.51,-110.92,66.85,71.6,18,8.05,1
548,tommot,RU,58.96,126.29,37.69,37.69,68,6.22,100
549,qujing,CN,25.48,103.78,66.15,66.15,28,2.51,6
550,thinadhoo,MV,0.53,72.93,84.04,84.04,62,3.96,5
551,madera,US,37.17,-119.83,56.86,66.2,67,5.82,90
552,muros,ES,42.78,-9.06,53.74,57.99,100,2.24,75
553,lima,PE,-12.04,-77.03,69.8,69.8,88,12.75,40
554,big rapids,US,43.7,-85.48,32.2,35.6,79,6.2,1
555,winnemucca,US,40.97,-117.74,60.85,62.6,23,6.93,1
556,tereze,RU,43.94,42.44,28.4,28.4,92,8.95,10
557,tsotilion,GR,40.27,21.32,50.0,50.0,34,8.05,0
558,grajau,BR,-5.82,-46.14,75.06,75.06,87,1.95,75
559,iquitos,PE,-3.75,-73.25,77.0,77.0,94,3.36,75
560,ngudu,TZ,-2.97,33.33,62.73,62.73,65,8.03,3
561,ambilobe,MG,-13.2,49.05,72.52,72.52,84,5.26,20
562,owando,CG,-0.48,15.9,71.67,71.67,88,2.13,100
